RUN,TYPE,POSITION,REWARD
1,bins-full,0,0.0011586030029744898
2,bins-full,0,9.644629921276016e-05
3,bins-full,0,0.0008750683849860664
4,bins-full,0,0.0016175193888883777
5,bins-full,0,0.0006613629063148774
6,bins-full,0,0.00015320698572960365
7,bins-full,0,0.0015677039480908484
8,bins-full,0,0.0009411734095320035
9,bins-full,0,0.00025378923500687375
10,bins-full,0,0.0002730151704110728
